,Allele,Count_before,Count_after,Count
0,A*24:02,3442.0,1155.0,1155.0
1,B*15:02,2285.0,1783.0,1783.0
2,DRB1*07:01,2019.0,97.0,
3,A*11:01,1853.0,1080.0,1080.0
4,B*40:01,1741.0,1310.0,1310.0
5,B*58:01,1401.0,1020.0,1020.0
6,B*46:01,1299.0,799.0,799.0
7,B*51:01,1249.0,828.0,828.0
8,A*02:01,1154.0,628.0,628.0
9,A*02:06,873.0,245.0,245.0
10,A*33:03,834.0,567.0,567.0
11,C*03:04,797.0,78.0,
12,B*13:01,779.0,488.0,488.0
13,B*44:03,659.0,44.0,44.0
14,A*31:01,604.0,385.0,385.0
15,DRB1*15:01,589.0,101.0,
16,C*08:01,571.0,353.0,
17,B*15:01,541.0,104.0,104.0
18,B*52:01,476.0,42.0,42.0
19,B*54:01,459.0,109.0,109.0
20,C*01:02,456.0,370.0,
21,DQA1*01:02,450.0,,
22,DRB1*12:02,446.0,384.0,
23,C*12:02,439.0,16.0,16.0
24,DRB1*04:05,437.0,141.0,
25,DQA1*02:01,399.0,,
26,C*03:02,393.0,216.0,
27,DQB1*06:02,384.0,,
28,DQB1*02:02,381.0,18.0,
29,C*04:01,372.0,236.0,236.0
30,C*07:02,361.0,184.0,
31,DRB1*09:01,350.0,147.0,
32,DRB1*03:01,347.0,143.0,
33,DPB1*05:01,341.0,,
34,A*02:07,326.0,215.0,215.0
35,A*26:01,326.0,218.0,218.0
36,DRB1*11:01,304.0,68.0,
37,A*03:01,290.0,41.0,41.0
38,B*57:01,281.0,51.0,51.0
39,DPB1*02:01,276.0,,
40,DQB1*04:01,269.0,,
41,DQB1*03:01,249.0,66.0,
42,DQB1*03:03,230.0,60.0,
43,DRB5*01:01,224.0,,
44,B*07:02,217.0,74.0,74.0
45,DRB1*01:01,214.0,10.0,
46,A*02:03,171.0,148.0,148.0
47,A*01:01,171.0,50.0,50.0
48,C*06:02,165.0,51.0,51.0
49,DPB1*03:01,163.0,,
50,B*44:02,160.0,18.0,18.0
51,DRB1*13:02,149.0,14.0,
52,B*38:02,145.0,116.0,116.0
53,DQB1*06:01,143.0,,
54,DQB1*05:01,138.0,8.0,
55,DRB1*14:01,135.0,73.0,
56,B*35:01,132.0,45.0,45.0
57,DPB1*04:02,127.0,,
58,DRB1*012:02,119.0,,
59,DRB1*04:01,117.0,3.0,
60,DRB1*08:03,116.0,56.0,
61,B*18:01,115.0,27.0,27.0
62,B*58:04,108.0,54.0,54.0
63,B*58:02,104.0,64.0,64.0
64,DRB1*15,103.0,,
65,B*58:03,103.0,,
66,DRB1*15:02,101.0,19.0,
67,A*26:03,99.0,66.0,66.0
68,DQB1*03:02,97.0,,
69,DQB1*02:01,94.0,,
70,B*08:01,92.0,21.0,21.0
71,C*05:01,90.0,7.0,7.0
72,DQB1*06:04,89.0,,
73,C*07:01,84.0,14.0,14.0
74,C*14:02,83.0,39.0,
75,B*55:02,80.0,65.0,65.0
76,C*03:03,79.0,53.0,53.0
77,B*58:05,77.0,77.0,77.0
78,A*32:01,77.0,22.0,22.0
79,DQA1*05:01,76.0,,
80,A*2,71.0,,
81,DRB1*12:01,70.0,14.0,
82,DRB1*13,69.0,,
83,A*30:01,68.0,34.0,34.0
84,DPB1*09:01,67.0,,
85,B*38:01,66.0,34.0,34.0
86,B*40:02,63.0,43.0,43.0
87,DPB*04:01,63.0,,
88,DRB1*04,60.0,,
89,DPB1*02:02,60.0,,
90,DQB1*03,59.0,,
91,B*13:02,58.0,41.0,41.0
92,C*12:03,57.0,9.0,9.0
93,DRB1*16:02,56.0,54.0,
94,DPB1*04:01,56.0,,
95,DRB1*13:01,56.0,18.0,
96,A*02,53.0,,
97,B*15:11,52.0,42.0,42.0
98,A*26:02,51.0,34.0,34.0
99,DQB1*05:03,50.0,17.0,
100,A*68:01,50.0,12.0,12.0
101,C*07,50.0,,
102,B*07:05,48.0,25.0,25.0
103,DRB4*01:01,47.0,,
104,DRB1*04:03,46.0,34.0,
105,DQA1*03:01,45.0,,
106,DRB1*04:06,43.0,23.0,
107,DQB1*04:02,41.0,,
108,DQA1*01:01,41.0,,
109,DRB1*11,40.0,,
110,DRB1*03,40.0,,
111,B*27:04,39.0,27.0,27.0
112,DQB1*06:09,39.0,9.0,
113,DQB1*05:02,36.0,,
114,A*29:02,36.0,3.0,3.0
115,B*35:05,35.0,31.0,31.0
116,DRB3*02:02,35.0,,
117,B*56:01,34.0,23.0,23.0
118,DQB*02:01,33.0,,
119,A*33:01,33.0,3.0,3.0
120,B*27:05,33.0,3.0,3.0
121,DRB1*01:02,31.0,,
122,C*02:02,31.0,,
123,DPB*02:01,30.0,,
124,DRB1*08,30.0,,
125,B*15:13,30.0,23.0,23.0
126,DRB3*01:01,29.0,,
127,DRB1*14:54,28.0,,
128,B*15:10,28.0,,
129,B*14:02,27.0,,
130,B*41:01,27.0,4.0,4.0
131,DPB*04:02,27.0,,
132,B*07,26.0,,
133,C*12,26.0,,
134,B*49:01,26.0,8.0,8.0
135,C*16,25.0,,
136,A*30:02,25.0,1.0,1.0
137,B*59:01,25.0,24.0,24.0
138,A*01,24.0,,
139,B*48:01,24.0,19.0,19.0
140,B*44,24.0,,
141,B*55:01,23.0,9.0,9.0
142,B*15:25,23.0,14.0,14.0
143,B*35:02,23.0,,
144,A*03,23.0,,
145,DRB1*04:10,22.0,,
146,C*14:03,22.0,,
147,DPB*03:01,22.0,,
148,DRB1*14:05,21.0,21.0,
149,A*23:01,21.0,,
150,A*66:01,21.0,2.0,2.0
151,DPB1*14:01,21.0,,
152,B*51:02,21.0,19.0,19.0
153,C*02:10,21.0,,
154,DQA1*01:03,20.0,,
155,B*53:01,20.0,2.0,2.0
156,DRB1*01,20.0,,
157,DQB1*06:03,20.0,,
158,B*50:01,20.0,4.0,4.0
159,B*18:02,20.0,20.0,20.0
160,DRB1*08:01,19.0,,
161,A*25:01,19.0,1.0,1.0
162,B*39:01,19.0,9.0,9.0
163,DPB1*13:01,19.0,,
164,C*16:01,18.0,4.0,4.0
165,DRB1*10:01,18.0,5.0,
166,DRB1*08:02,17.0,,
167,DRB1*16:01,17.0,,
168,B*40:06,17.0,15.0,15.0
169,B*15:18,16.0,8.0,8.0
170,A*02:05,15.0,,
171,B*27:06,15.0,14.0,14.0
172,B*57,15.0,15.0,
173,B*15:12,15.0,10.0,10.0
174,B*67:01,14.0,11.0,11.0
175,DRB1*14:06,14.0,,
176,DRB1*01:03,14.0,,
177,C*15:02,14.0,6.0,
178,DQB*06:03,14.0,,
179,A*36:01,14.0,,
180,DRB1*12,14.0,,
181,DQA1*04:01,13.0,,
182,DRB1*13:03,13.0,,
183,B*15:03,13.0,10.0,10.0
184,B*35:03,13.0,2.0,2.0
185,A*29:01,12.0,2.0,2.0
186,A*02:10,12.0,8.0,8.0
187,A*68:02,12.0,,
188,A*24:20,12.0,8.0,8.0
189,DRB1*04:04,11.0,,
190,DRB1*14,11.0,,
191,A*24:07,11.0,11.0,11.0
192,DRB1*04:02,10.0,,
193,B*15:15,10.0,,
194,B*39:09,10.0,10.0,10.0
195,C*17:01,10.0,,
196,C*07:18,9.0,6.0,
197,A*03:02,9.0,2.0,2.0
198,B*37:01,9.0,3.0,3.0
199,DRB1*11:03,8.0,,
200,DQB*05:03,8.0,,
201,DRB1*14:03,8.0,,
202,B*39:06,8.0,,
203,B*45:01,8.0,,
204,DRB1*11:04,7.0,,
205,B*56:02,7.0,5.0,5.0
206,B*15:27,7.0,7.0,7.0
207,B*15:21,7.0,7.0,7.0
208,B*73:01,7.0,4.0,4.0
209,A*34:02,7.0,,
210,DQB*06:04,6.0,,
211,A*26:05,6.0,4.0,4.0
212,DQB*05:02,6.0,,
213,B*15:35,6.0,6.0,6.0
214,DRB1*13:12,6.0,6.0,
215,B*42:01,6.0,,
216,DRB1*11:02,6.0,,
217,A*32:04,6.0,,
218,DPB1*17:01,6.0,,
219,B*39:02,6.0,4.0,4.0
220,A*74:01,6.0,,
221,C*08:02,6.0,3.0,
222,C*04:03,6.0,6.0,6.0
223,B*39:05,5.0,3.0,3.0
224,B*56:04,5.0,4.0,4.0
225,B*39:04,4.0,3.0,3.0
226,A*36:02,4.0,,
227,A*68:03,4.0,,
228,A*33,4.0,,
229,B*13:10,4.0,3.0,3.0
230,B*15:07,4.0,3.0,3.0
231,A*24:01,4.0,4.0,
232,A*24,4.0,,
233,B*51:08,4.0,,
234,DRB1*14:09,4.0,,
235,B*56:10,4.0,4.0,4.0
236,DRB1*14:43,4.0,4.0,
237,A*11:53,4.0,4.0,
238,A*02:81,4.0,,
239,A*02:02,4.0,,
240,A*24:10,4.0,4.0,4.0
241,DRB1*13:05,3.0,,
242,A*24:05,3.0,2.0,2.0
243,A*11:10,3.0,2.0,2.0
244,A*11,3.0,,
245,DRB1*04:07,3.0,,
246,B*15:19,3.0,3.0,3.0
247,DRB5*02,3.0,,
248,B*39:03,3.0,,
249,B*35:08,3.0,2.0,2.0
250,DQA1*03:03,3.0,,
251,B*50:02,3.0,,
252,DRB1*03:17,2.0,2.0,
253,DRB1*09,2.0,,
254,B*14.01,2.0,2.0,
255,B*14.02,2.0,2.0,
256,B*15:05,2.0,,
257,B*44:08,2.0,2.0,2.0
258,B*35:31,2.0,2.0,2.0
259,DRB1*08:06,2.0,,
260,B*46:02,2.0,2.0,2.0
261,B*47:01,2.0,1.0,1.0
262,B*48:04,2.0,2.0,2.0
263,B*54:17,2.0,2.0,2.0
264,B*81:01,2.0,2.0,2.0
265,DRB1*16,2.0,,
266,A*26:08,1.0,,
267,B*39:24,1.0,,
268,DQB1*50:10,1.0,,
269,B*37:10,1.0,1.0,1.0
270,DRB1*10,1.0,,
271,A*69:01,1.0,1.0,1.0
272,A*30:04,1.0,,
273,C*15:05,1.0,1.0,
274,A*80:01,1.0,1.0,1.0
275,B*14:01,1.0,,
276,DQB1*60:20,1.0,,
277,B*15:58,1.0,1.0,1.0
278,B*15:42,1.0,1.0,1.0
279,DQB1*06:20,1.0,,
280,DRB1*03:15,1.0,,
281,B*27:09,1.0,1.0,1.0
282,B*15:39,1.0,,
283,DRB1*04:08,1.0,,
284,B*13:15,1.0,1.0,1.0
285,A*02:12,0.0,,
286,B*57:03,0.0,,
287,B*57:11,0.0,,
288,B*78:01,0.0,,
289,B*78:06,0.0,,
290,B*35:10,0.0,,
291,B*07:11,0.0,,
292,A*02:11,0.0,,
293,DRB1*40:30,0.0,,
294,DRB1*40:50,0.0,,
295,A*02:08,0.0,,
296,C*07:04,0.0,,
297,A*01:03,0.0,,
298,A*01:02,0.0,,
299,DRB1*14:17,0.0,,
300,A*21:02,0.0,,
301,A*43:01,0.0,,
302,B*27:02,0.0,,
303,B*15:17,0.0,,
304,DRB1*11:12,0.0,,
305,B*44:26,0.0,,
306,B*27:07,0.0,,
307,A*26:09,0.0,,
308,DRB1*10:10,0.0,,
309,A*24:13,0.0,,
310,B*51:07,0.0,,
311,B*15:24,0.0,,
312,B*18:04,0.0,,
313,B*35:34,0.0,,
314,A*92:19,0.0,,
315,A*24:03,0.0,,
316,B*51:06,0.0,,
317,DQB1*30:20,0.0,,
