Allele,0
A*24:02,3442.0
B*15:02,2285.0
DRB1*07:01,2019.0
A*11:01,1853.0
B*40:01,1741.0
B*58:01,1401.0
B*46:01,1299.0
B*51:01,1249.0
A*02:01,1154.0
A*02:06,873.0
A*33:03,834.0
C*03:04,797.0
B*13:01,779.0
B*44:03,659.0
A*31:01,604.0
DRB1*15:01,589.0
C*08:01,571.0
B*15:01,541.0
B*52:01,476.0
B*54:01,459.0
C*01:02,456.0
DQA1*01:02,450.0
DRB1*12:02,446.0
C*12:02,439.0
DRB1*04:05,437.0
DQA1*02:01,399.0
C*03:02,393.0
DQB1*06:02,384.0
DQB1*02:02,381.0
C*04:01,372.0
C*07:02,361.0
DRB1*09:01,350.0
DRB1*03:01,347.0
DPB1*05:01,341.0
A*02:07,326.0
A*26:01,326.0
DRB1*11:01,304.0
A*03:01,290.0
B*57:01,281.0
DPB1*02:01,276.0
DQB1*04:01,269.0
DQB1*03:01,249.0
DQB1*03:03,230.0
DRB5*01:01,224.0
B*07:02,217.0
DRB1*01:01,214.0
A*02:03,171.0
A*01:01,171.0
C*06:02,165.0
DPB1*03:01,163.0
B*44:02,160.0
DRB1*13:02,149.0
B*38:02,145.0
DQB1*06:01,143.0
DQB1*05:01,138.0
DRB1*14:01,135.0
B*35:01,132.0
DPB1*04:02,127.0
DRB1*012:02,119.0
DRB1*04:01,117.0
DRB1*08:03,116.0
B*18:01,115.0
B*58:04,108.0
B*58:02,104.0
DRB1*15,103.0
B*58:03,103.0
DRB1*15:02,101.0
A*26:03,99.0
DQB1*03:02,97.0
DQB1*02:01,94.0
B*08:01,92.0
C*05:01,90.0
DQB1*06:04,89.0
C*07:01,84.0
C*14:02,83.0
B*55:02,80.0
C*03:03,79.0
B*58:05,77.0
A*32:01,77.0
DQA1*05:01,76.0
A*2,71.0
DRB1*12:01,70.0
DRB1*13,69.0
A*30:01,68.0
DPB1*09:01,67.0
B*38:01,66.0
B*40:02,63.0
DPB*04:01,63.0
DRB1*04,60.0
DPB1*02:02,60.0
DQB1*03,59.0
B*13:02,58.0
C*12:03,57.0
DRB1*16:02,56.0
DPB1*04:01,56.0
DRB1*13:01,56.0
A*02,53.0
B*15:11,52.0
A*26:02,51.0
DQB1*05:03,50.0
A*68:01,50.0
C*07,50.0
B*07:05,48.0
DRB4*01:01,47.0
DRB1*04:03,46.0
DQA1*03:01,45.0
DRB1*04:06,43.0
DQB1*04:02,41.0
DQA1*01:01,41.0
DRB1*11,40.0
DRB1*03,40.0
B*27:04,39.0
DQB1*06:09,39.0
DQB1*05:02,36.0
A*29:02,36.0
B*35:05,35.0
DRB3*02:02,35.0
B*56:01,34.0
DQB*02:01,33.0
A*33:01,33.0
B*27:05,33.0
DRB1*01:02,31.0
C*02:02,31.0
DPB*02:01,30.0
DRB1*08,30.0
B*15:13,30.0
DRB3*01:01,29.0
DRB1*14:54,28.0
B*15:10,28.0
B*14:02,27.0
B*41:01,27.0
DPB*04:02,27.0
B*07,26.0
C*12,26.0
B*49:01,26.0
C*16,25.0
A*30:02,25.0
B*59:01,25.0
A*01,24.0
B*48:01,24.0
B*44,24.0
B*55:01,23.0
B*15:25,23.0
B*35:02,23.0
A*03,23.0
DRB1*04:10,22.0
C*14:03,22.0
DPB*03:01,22.0
DRB1*14:05,21.0
A*23:01,21.0
A*66:01,21.0
DPB1*14:01,21.0
B*51:02,21.0
C*02:10,21.0
DQA1*01:03,20.0
B*53:01,20.0
DRB1*01,20.0
DQB1*06:03,20.0
B*50:01,20.0
B*18:02,20.0
DRB1*08:01,19.0
A*25:01,19.0
B*39:01,19.0
DPB1*13:01,19.0
C*16:01,18.0
DRB1*10:01,18.0
DRB1*08:02,17.0
DRB1*16:01,17.0
B*40:06,17.0
B*15:18,16.0
A*02:05,15.0
B*27:06,15.0
B*57,15.0
B*15:12,15.0
B*67:01,14.0
DRB1*14:06,14.0
DRB1*01:03,14.0
C*15:02,14.0
DQB*06:03,14.0
A*36:01,14.0
DRB1*12,14.0
DQA1*04:01,13.0
DRB1*13:03,13.0
B*15:03,13.0
B*35:03,13.0
A*29:01,12.0
A*02:10,12.0
A*68:02,12.0
A*24:20,12.0
DRB1*04:04,11.0
DRB1*14,11.0
A*24:07,11.0
DRB1*04:02,10.0
B*15:15,10.0
B*39:09,10.0
C*17:01,10.0
C*07:18,9.0
A*03:02,9.0
B*37:01,9.0
DRB1*11:03,8.0
DQB*05:03,8.0
DRB1*14:03,8.0
B*39:06,8.0
B*45:01,8.0
DRB1*11:04,7.0
B*56:02,7.0
B*15:27,7.0
B*15:21,7.0
B*73:01,7.0
A*34:02,7.0
DQB*06:04,6.0
A*26:05,6.0
DQB*05:02,6.0
B*15:35,6.0
DRB1*13:12,6.0
B*42:01,6.0
DRB1*11:02,6.0
A*32:04,6.0
DPB1*17:01,6.0
B*39:02,6.0
A*74:01,6.0
C*08:02,6.0
C*04:03,6.0
B*39:05,5.0
B*56:04,5.0
B*39:04,4.0
A*36:02,4.0
A*68:03,4.0
A*33,4.0
B*13:10,4.0
B*15:07,4.0
A*24:01,4.0
A*24,4.0
B*51:08,4.0
DRB1*14:09,4.0
B*56:10,4.0
DRB1*14:43,4.0
A*11:53,4.0
A*02:81,4.0
A*02:02,4.0
A*24:10,4.0
DRB1*13:05,3.0
A*24:05,3.0
A*11:10,3.0
A*11,3.0
DRB1*04:07,3.0
B*15:19,3.0
DRB5*02,3.0
B*39:03,3.0
B*35:08,3.0
DQA1*03:03,3.0
B*50:02,3.0
DRB1*03:17,2.0
DRB1*09,2.0
B*14.01,2.0
B*14.02,2.0
B*15:05,2.0
B*44:08,2.0
B*35:31,2.0
DRB1*08:06,2.0
B*46:02,2.0
B*47:01,2.0
B*48:04,2.0
B*54:17,2.0
B*81:01,2.0
DRB1*16,2.0
A*26:08,1.0
B*39:24,1.0
DQB1*50:10,1.0
B*37:10,1.0
DRB1*10,1.0
A*69:01,1.0
A*30:04,1.0
C*15:05,1.0
A*80:01,1.0
B*14:01,1.0
DQB1*60:20,1.0
B*15:58,1.0
B*15:42,1.0
DQB1*06:20,1.0
DRB1*03:15,1.0
B*27:09,1.0
B*15:39,1.0
DRB1*04:08,1.0
B*13:15,1.0
A*02:12,0.0
B*57:03,0.0
B*57:11,0.0
B*78:01,0.0
B*78:06,0.0
B*35:10,0.0
B*07:11,0.0
A*02:11,0.0
DRB1*40:30,0.0
DRB1*40:50,0.0
A*02:08,0.0
C*07:04,0.0
A*01:03,0.0
A*01:02,0.0
DRB1*14:17,0.0
A*21:02,0.0
A*43:01,0.0
B*27:02,0.0
B*15:17,0.0
DRB1*11:12,0.0
B*44:26,0.0
B*27:07,0.0
A*26:09,0.0
DRB1*10:10,0.0
A*24:13,0.0
B*51:07,0.0
B*15:24,0.0
B*18:04,0.0
B*35:34,0.0
A*92:19,0.0
A*24:03,0.0
B*51:06,0.0
DQB1*30:20,0.0
